Date,Session Type,Match Opponent,Player Name,Result,Position Category,GP,GS,GA,SV,SV%,W,L,T,SHO,Player Participation Time (min),Total Touches (#),Touches per min (#/min),Releases (#),Releases per min (#/min),RV Zone 1 [0-10( m/s)],RV Zone 2 [10-15( m/s)],RV Zone 3 [> 15( m/s)],Total Possessions (#),One-Touch (#),Short Possessions (#),Avg Time on Ball - Short (sec),Long possessions (#),Avg Time on Ball - Long (sec),Total Time on Ball (sec),Top Speed (m/s),Distance Covered (m),Work Rate (m/min),HID Covered (m) Zone 1 [> 4(m/s)],HID per min (m/min),SD Covered (m) [> 5.5(m/s)],SD per min (m/min),Sprint Count (#),Speed Zone 1 - DC (m),Speed Zone 2 - DC (m),Speed Zone 3 - DC (m),Speed Zone 4 - DC (m),Speed Zone 5 - DC (m),Speed Zone 6 - DC (m),Speed Zone 7 - DC (m),Speed Change Actions (#) [> 2.6(m/s^2)],Speed Change Actions per min (#/min),Horizontal Acc Zone 1 (#),Horizontal Acc Zone 2 (#),Horizontal Acc Zone 3 (#),Horizontal Acc Zone 4 (#),Horizontal Acc Zone 5 (#),Horizontal Acc Zone 6 (#),Horizontal Decl Zone 1 (#),Horizontal Decl Zone 2 (#),Horizontal Decl Zone 3 (#),Horizontal Decl Zone 4 (#),Horizontal Decl Zone 5 (#),Horizontal Decl Zone 6 (#),Horizontal Acc Zone 1 - DC (m),Horizontal Acc Zone 2 - DC (m),Horizontal Acc Zone 3 - DC (m),Horizontal Acc Zone 4 - DC (m),Horizontal Acc Zone 5 - DC (m),Horizontal Acc Zone 6 - DC (m),Horizontal Decl Zone 1 - DC (m) ,Horizontal Decl Zone 2 - DC (m),Horizontal Decl Zone 3 - DC (m),Horizontal Decl Zone 4 - DC (m),Horizontal Decl Zone 5 - DC (m),Horizontal Decl Zone 6 - DC (m),Receives (#),Release Velocity Min (m/s),Release Velocity Max (m/s),Release Velocity Avg (m/s)
11/2/2020,Match,Ave Maria Reserves,Keris Abbott (16),,Goalkeepers,,,,,,,,,,55,21,0.38,4,0.07,0,4,0,4,2,2,1.23,0,0,2,4.7,2339,42.24,8,0.15,0,0,0,1764,223,264,80,8,0,0,3,0.1,858,169,37,8,2,3,998,54,13,12,6,2,921,163,50,9,4,1,1087,58,23,16,5,2,2,,12.8,12.2
11/5/2020,Match,Webber First Team,Keris Abbott (16),3,Goalkeepers,1,0,0,0,0,1,0,0,1,105,44,0.42,2,0.02,0,2,0,3,2,0,0,1,1.61,2,5.59,3767,35.83,16,0.15,2,0.02,1,2973,325,337,116,14,2,0,4,0,1614,333,61,16,6,4,1929,140,22,15,3,3,1444,275,77,21,7,4,1743,133,37,16,5,5,1,,13,11.8
10/7/2020,Match,FNU Reserves,Keris Abbott (16),,Goalkeepers,,,,,,,,,,49,13,0.26,1,0.02,0,1,0,1,1,0,0,0,0,0,5.19,1916,38.47,5,0.11,0,0,0,1396,180,279,56,5,0,0,0,0,780,140,30,3,6,0,920,57,12,7,3,0,722,132,35,6,8,0,924,57,21,8,2,0,0,,13.8,13.8
10/26/2020,Match,Ave Maria Reserves,Keris Abbott (16),,Goalkeepers,,,,,,,,,,104,28,0.27,1,0.01,0,1,0,1,1,0,0,0,0,0,6.3,2290,22.01,138,1.32,42,0.41,5,1687,158,196,111,96,42,0,2,0,2063,172,25,12,5,2,2210,70,13,8,4,1,844,169,51,16,6,4,1075,81,25,13,5,2,0,,12,12
9/24/2020,Match,Florida College First Team,Keris Abbott (16),3,Goalkeepers,1,0,2,1,0.333,0,0,0,0,89,41,0.46,0,0,0,0,0,2,0,0,0,2,4.66,9,7.36,3308,36.81,62,0.69,34,0.38,2,2266,372,488,121,28,33,1,7,0.1,1547,309,69,24,11,7,1696,212,42,15,4,6,1218,244,81,25,11,11,1477,157,48,21,6,9,2,,,
10/3/2020,Match,Warner (Fla.),Keris Abbott (16),3,Goalkeepers,1,0,0,1,1,0,0,0,0,,,,,,,,,,,,,,,,,,,,,,,,,,,,,,,,,,,,,,,,,,,,,,,,,,,,,,,,,,,,
2/1/2021,Match,The Master's (Calif.),Keris Abbott (16),0,Goalkeepers,1,0,1,8,0.889,0,0,0,0,,,,,,,,,,,,,,,,,,,,,,,,,,,,,,,,,,,,,,,,,,,,,,,,,,,,,,,,,,,,
2/24/2021,Match,Florida National,Keris Abbott (16),3,Goalkeepers,1,0,0,0,0,0,0,0,0,,,,,,,,,,,,,,,,,,,,,,,,,,,,,,,,,,,,,,,,,,,,,,,,,,,,,,,,,,,,
3/14/2021,Match,Edward Waters (Fla.),Keris Abbott (16),3,Goalkeepers,1,0,0,0,0,0,0,0,0,,,,,,,,,,,,,,,,,,,,,,,,,,,,,,,,,,,,,,,,,,,,,,,,,,,,,,,,,,,,
9/22/2020,Match,Keiser University,Melanie Lefebvre,0,Goalkeepers,1,0,5,8,0.615,0,1,0,0,,,,,,,,,,,,,,,,,,,,,,,,,,,,,,,,,,,,,,,,,,,,,,,,,,,,,,,,,,,,
9/24/2020,Match,Florida College,Melanie Lefebvre,3,Goalkeepers,1,0,0,0,0,1,0,0,0,,,,,,,,,,,,,,,,,,,,,,,,,,,,,,,,,,,,,,,,,,,,,,,,,,,,,,,,,,,,
9/26/2020,Match,Ave Maria (Fla.),Melanie Lefebvre,3,Goalkeepers,1,1,0,9,1,1,0,0,1,,,,,,,,,,,,,,,,,,,,,,,,,,,,,,,,,,,,,,,,,,,,,,,,,,,,,,,,,,,,
9/30/2020,Match,Florida Memorial,Melanie Lefebvre,3,Goalkeepers,1,0,0,0,0,1,0,0,1,,,,,,,,,,,,,,,,,,,,,,,,,,,,,,,,,,,,,,,,,,,,,,,,,,,,,,,,,,,,
10/3/2020,Match,Warner (Fla.),Melanie Lefebvre,3,Goalkeepers,1,0,1,0,0,1,0,0,0,,,,,,,,,,,,,,,,,,,,,,,,,,,,,,,,,,,,,,,,,,,,,,,,,,,,,,,,,,,,
10/10/2020,Match,Southeastern (Fla.),Melanie Lefebvre,0,Goalkeepers,1,1,5,5,0.5,0,1,0,0,,,,,,,,,,,,,,,,,,,,,,,,,,,,,,,,,,,,,,,,,,,,,,,,,,,,,,,,,,,,
10/17/2020,Match,USC Beaufort (S.C.),Melanie Lefebvre,0,Goalkeepers,1,1,1,4,0.8,0,1,0,0,,,,,,,,,,,,,,,,,,,,,,,,,,,,,,,,,,,,,,,,,,,,,,,,,,,,,,,,,,,,
10/28/2020,Match,Ave Maria (Fla.),Melanie Lefebvre,0,Goalkeepers,1,0,3,6,0.667,0,0,0,0,,,,,,,,,,,,,,,,,,,,,,,,,,,,,,,,,,,,,,,,,,,,,,,,,,,,,,,,,,,,
10/31/2020,Match,Keiser University,Melanie Lefebvre,0,Goalkeepers,1,1,2,5,0.714,0,1,0,0,,,,,,,,,,,,,,,,,,,,,,,,,,,,,,,,,,,,,,,,,,,,,,,,,,,,,,,,,,,,
11/15/2020,Match,USC Beaufort (S.C.),Melanie Lefebvre,0,Goalkeepers,1,1,3,2,0.4,0,1,0,0,,,,,,,,,,,,,,,,,,,,,,,,,,,,,,,,,,,,,,,,,,,,,,,,,,,,,,,,,,,,
2/1/2021,Match,The Master's (Calif.),Melanie Lefebvre,0,Goalkeepers,1,1,0,1,1,0,1,0,0,,,,,,,,,,,,,,,,,,,,,,,,,,,,,,,,,,,,,,,,,,,,,,,,,,,,,,,,,,,,
3/4/2021,Match,William Carey (Miss.),Melanie Lefebvre,0,Goalkeepers,1,0,4,2,0.333,0,0,0,0,,,,,,,,,,,,,,,,,,,,,,,,,,,,,,,,,,,,,,,,,,,,,,,,,,,,,,,,,,,,
3/14/2021,Match,Edward Waters (Fla.),Melanie Lefebvre,3,Goalkeepers,1,1,0,0,0,1,0,0,0,,,,,,,,,,,,,,,,,,,,,,,,,,,,,,,,,,,,,,,,,,,,,,,,,,,,,,,,,,,,
9/3/2020,Training,,Keris Abbott (16),,Goalkeepers,,,,,,,,,,150,32,0.21,15,0.1,,,,,,,,,,,6.17,2547,16.95,524,3.49,35,0.23,2,1151,122,353,397,489,35,0,4,0,3394,120,10,15,7,4,3532,39,15,7,6,4,981,122,44,31,14,8,1216,59,29,25,14,5,,,15.2,
9/3/2020,Training,,Keris Abbott (16),,Goalkeepers,,,,,,,,,,92,34,0.37,16,0.17,4,11,1,16,11,4,1.47,1,4.01,10,6.17,2508,27.16,524,5.67,35,0.38,2,1111,122,353,397,489,35,0,4,0,1904,115,10,15,7,4,2037,37,15,7,6,4,963,121,44,31,14,8,1195,59,29,25,14,5,5,,15.2,10.2
9/3/2020,Training,,Keris Abbott (16),,Goalkeepers,,,,,,,,,,28,17,0.59,8,0.28,1,7,0,8,7,0,,1,4.01,4,2.84,283,9.83,0,0,0,0,0,253,11,19,0,0,0,0,0,0,644,21,3,2,2,0,667,11,3,1,0,0,116,14,4,2,2,0,132,9,3,2,0,0,1,,12.2,10.8
9/3/2020,Training,,Keris Abbott (16),,Goalkeepers,,,,,,,,,,28,14,0.49,7,0.24,2,4,1,7,3,4,1.47,0,,6,4.92,540,18.82,3,0.11,0,0,0,415,75,45,2,3,0,0,1,0,576,50,5,2,0,1,622,15,8,0,0,1,209,39,5,2,1,1,262,15,3,1,1,1,4,,15.2,10.6
9/4/2020,Training,,Keris Abbott (16),,Goalkeepers,,,,,,,,,,128,67,0.52,35,0.27,,,,,,,,,,,4.1,2326,18.14,3,0.02,0,0,0,1470,199,528,127,3,0,0,3,0,2591,165,78,34,10,3,2736,118,51,14,1,2,783,182,90,24,6,2,1045,138,43,11,2,1,,,15.6,
9/4/2020,Training,,Keris Abbott (16),,Goalkeepers,,,,,,,,,,93,70,0.75,45,0.48,28,16,1,45,39,2,1.54,4,4.17,20,4.1,2278,24.36,3,0.03,0,0,0,1422,199,528,127,3,0,0,3,0,1735,164,78,34,10,3,1884,118,51,14,1,2,760,181,90,24,6,2,1021,138,43,11,2,1,6,1.8,15.6,9.4
9/4/2020,Training,,Keris Abbott (16),,Goalkeepers,,,,,,,,,,13,34,2.47,24,1.74,15,9,0,24,21,0,,3,3.86,12,4.1,403,29.29,1,0.06,0,0,0,277,48,75,2,1,0,0,1,0.1,226,38,24,4,0,1,260,32,10,4,0,0,116,49,21,3,0,1,167,34,8,4,0,0,3,,12,9.1
9/4/2020,Training,,Keris Abbott (16),,Goalkeepers,,,,,,,,,,21,23,1.09,17,0.8,12,4,1,17,14,2,1.54,1,5.11,8,3.61,650,30.73,0,0,0,0,0,402,75,128,44,0,0,0,1,0,353,41,31,9,5,1,391,41,20,4,0,0,197,56,37,7,3,0,276,52,18,2,0,0,3,1.8,15.6,9
9/4/2020,Training,,Keris Abbott (16),,Goalkeepers,,,,,,,,,,43,7,0.16,1,0.02,1,0,0,1,1,0,,0,,0,3.79,571,13.11,0,0,0,0,0,489,47,30,6,0,0,0,1,0,876,53,19,17,3,1,922,30,17,5,1,2,192,47,22,10,2,0,245,34,15,4,2,1,0,,8.6,8.6
9/17/2020,Training,,Keris Abbott (16),,Goalkeepers,,,,,,,,,,159,75,0.47,8,0.05,,,,,,,,,,,4.15,2470,15.52,4,0.02,0,0,0,1674,222,461,109,4,0,0,2,0,3696,188,43,14,5,2,3849,117,22,6,0,0,980,155,45,13,5,1,1141,103,22,5,0,0,,,13.5,
9/17/2020,Training,,Keris Abbott (16),,Goalkeepers,,,,,,,,,,98,116,1.18,16,0.16,5,10,1,16,10,3,1.26,3,2.98,13,4.15,2350,23.96,4,0.04,0,0,0,1554,222,461,109,4,0,0,2,0,2021,183,43,14,5,2,2173,115,22,6,0,0,925,153,45,13,5,1,1078,103,22,5,0,0,6,2.7,15.3,10.7
9/17/2020,Training,,Keris Abbott (16),,Goalkeepers,,,,,,,,,,19,68,3.48,9,0.46,4,5,0,9,4,3,1.26,2,2.74,9,3.09,462,23.62,0,0,0,0,0,358,60,43,1,0,0,0,0,0,364,48,14,10,0,0,410,33,9,3,0,0,159,42,16,6,0,0,197,32,8,2,0,0,5,2.7,13.5,9.8
9/17/2020,Training,,Keris Abbott (16),,Goalkeepers,,,,,,,,,,29,32,1.09,7,0.24,1,5,1,7,6,0,,1,3.46,3,3.51,777,26.54,0,0,0,0,0,590,82,78,27,0,0,0,0,0,530,71,24,3,3,0,590,46,11,1,0,0,274,69,21,4,1,0,357,41,8,1,0,0,1,4,15.3,11.8
9/17/2020,Training,,Keris Abbott (16),,Goalkeepers,,,,,,,,,,26,8,0.3,0,0,0,0,0,0,0,0,,0,,0,2.99,367,13.7,0,0,0,0,0,266,25,77,0,0,0,0,1,0,593,21,2,0,2,1,607,15,1,2,0,0,163,15,2,1,2,0,168,11,2,2,0,0,0,,,
9/20/2020,Training,,Keris Abbott (16),,Goalkeepers,,,,,,,,,,104,81,0.77,1,0.01,,,,,,,,,,,4.77,2834,27.02,38,0.37,0,0,0,1742,167,523,363,38,0,0,1,0,1982,247,47,15,4,1,2158,120,36,5,1,0,1057,233,68,16,4,2,1267,142,36,7,2,0,,,14.4,
9/20/2020,Training,,Keris Abbott (16),,Goalkeepers,,,,,,,,,,79,116,1.46,13,0.16,6,7,0,13,6,4,1.13,3,4.19,17,4.77,2376,29.91,38,0.48,0,0,0,1564,159,339,275,38,0,0,1,0,1397,234,46,15,4,1,1563,115,36,5,1,0,840,220,68,16,4,2,1044,138,35,7,2,0,7,1.6,14.4,8.5
9/20/2020,Training,,Keris Abbott (16),,Goalkeepers,,,,,,,,,,18,35,1.9,6,0.33,1,5,0,6,5,1,0.96,0,,1,4.77,979,53.23,25,1.34,0,0,0,425,69,223,238,25,0,0,1,0.1,273,55,22,10,2,1,315,37,16,2,1,0,309,92,48,10,2,2,415,73,23,4,2,0,1,,12.9,10.1
9/20/2020,Training,,Keris Abbott (16),,Goalkeepers,,,,,,,,,,20,21,1.04,2,0.1,2,0,0,2,0,1,1.58,1,3.67,5,3.21,335,16.67,0,0,0,0,0,295,13,23,4,0,0,0,0,0,412,32,4,2,1,0,439,14,5,1,0,0,127,25,4,3,0,0,158,13,3,2,0,0,2,,8.4,8.2
9/20/2020,Training,,Keris Abbott (16),,Goalkeepers,,,,,,,,,,24,41,1.66,3,0.12,3,0,0,3,1,1,0.21,1,5.83,6,2.67,492,19.86,0,0,0,0,0,458,25,9,0,0,0,0,0,0,440,89,14,0,0,0,501,32,10,1,0,0,192,51,7,0,0,0,218,19,5,1,0,0,2,1.6,3.6,2.8
9/7/2020,Training,,Keris Abbott (16),,Goalkeepers,,,,,,,,,,169,100,0.59,50,0.3,,,,,,,,,,,5.73,5509,32.6,271,1.6,4,0.02,2,2054,279,2016,890,267,4,0,17,0.1,3464,211,99,34,22,17,3691,123,66,33,12,7,2042,296,157,54,39,19,2510,209,100,54,19,10,,,16,
9/7/2020,Training,,Keris Abbott (16),,Goalkeepers,,,,,,,,,,111,114,1.02,67,0.6,34,29,4,67,46,10,1.19,11,2.88,44,5.73,5490,49.32,271,2.43,4,0.04,2,2035,279,2016,890,267,4,0,17,0.2,1928,209,99,34,22,17,2149,123,66,33,12,7,2033,295,157,54,39,19,2500,209,100,54,19,10,21,1.5,16,10
9/7/2020,Training,,Keris Abbott (16),,Goalkeepers,,,,,,,,,,20,1,0.05,1,0.05,1,0,0,1,1,0,,0,,0,5.73,2583,123.67,247,11.83,3,0.14,1,197,58,1500,581,244,3,0,4,0.2,371,9,21,7,4,4,396,18,8,9,3,2,1071,55,45,17,11,7,1278,47,21,20,6,3,0,,9.9,9.9
9/7/2020,Training,,Keris Abbott (16),,Goalkeepers,,,,,,,,,,27,67,2.41,44,1.58,26,18,0,44,32,3,1.18,9,2.93,30,4.37,1188,42.65,8,0.28,0,0,0,729,111,259,81,8,0,0,10,0.4,390,73,54,11,13,10,453,48,38,14,9,3,336,115,69,22,19,9,435,94,54,23,11,2,12,1.5,12.6,9
9/7/2020,Training,,Keris Abbott (16),,Goalkeepers,,,,,,,,,,44,42,0.94,21,0.47,6,11,4,21,12,7,1.19,2,2.7,14,5.58,1025,23.04,16,0.36,1,0.02,1,810,80,98,22,15,1,0,3,0.1,804,95,18,15,5,3,918,42,17,10,0,2,314,93,36,15,9,3,463,52,23,11,2,5,9,2.6,16,12.2
9/8/2020,Training,,Keris Abbott (16),,Goalkeepers,,,,,,,,,,83,58,0.7,24,0.29,,,,,,,,,,,4.3,1980,23.79,10,0.11,0,0,0,1092,179,597,102,10,0,0,2,0,1646,133,49,16,9,2,1752,84,29,10,3,5,664,182,81,23,7,1,836,122,39,15,6,4,,,14.7,
9/8/2020,Training,,Keris Abbott (16),,Goalkeepers,,,,,,,,,,61,81,1.33,32,0.52,22,10,0,32,18,9,0.94,5,3.3,25,4.3,1894,31,10,0.16,0,0,0,1007,179,597,102,10,0,0,2,0,1131,130,49,16,9,2,1245,84,29,10,3,5,622,181,81,23,7,1,793,122,39,15,6,4,14,1,14.7,8.4
9/9/2020,Training,,Keris Abbott (16),,Goalkeepers,,,,,,,,,,143,83,0.58,50,0.35,,,,,,,,,,,5.15,2534,17.62,6,0.04,0,0,0,1828,168,471,60,6,0,0,0,0,2969,192,63,13,6,0,3116,107,32,12,1,0,995,180,52,12,5,0,1148,102,30,8,2,0,,,16.8,
9/9/2020,Training,,Keris Abbott (16),,Goalkeepers,,,,,,,,,,109,99,0.91,60,0.55,38,19,3,60,40,16,1.3,4,3.27,34,5.15,2406,22.08,6,0.06,0,0,0,1700,168,471,60,6,0,0,0,0,2102,188,63,13,6,0,2232,106,32,12,1,0,932,179,52,12,5,0,1084,102,30,8,2,0,20,2.2,16.8,9.5
9/9/2020,Training,,Keris Abbott (16),,Goalkeepers,,,,,,,,,,47,74,1.56,46,0.97,35,11,0,46,30,15,1.26,1,3.09,22,2.67,780,16.4,0,0,0,0,0,639,68,73,0,0,0,0,0,0,920,73,40,7,0,0,986,58,13,3,0,0,282,72,23,3,0,0,344,46,9,1,0,0,16,3.8,12.2,8.8
9/9/2020,Training,,Keris Abbott (16),,Goalkeepers,,,,,,,,,,54,23,0.42,13,0.24,2,8,3,13,9,1,1.92,3,3.32,12,5.15,1142,20.99,6,0.12,0,0,0,936,82,107,10,6,0,0,0,0,1071,96,19,6,6,0,1117,42,18,9,1,0,444,86,24,9,5,0,499,46,20,7,2,0,4,,16.8,12.5
9/11/2020,Training,,Keris Abbott (16),,Goalkeepers,,,,,,,,,,101,163,1.61,97,0.96,74,23,0,97,77,14,1.25,6,4.03,42,4.66,2397,23.62,11,0.11,0,0,0,1764,210,363,49,11,0,0,4,0,1743,232,94,37,16,4,1936,164,49,21,6,5,726,230,108,41,15,4,1011,172,55,24,8,2,20,1.8,14.1,8.6
9/11/2020,Training,,Keris Abbott (16),,Goalkeepers,,,,,,,,,,45,96,2.09,60,1.31,39,21,0,60,44,13,1.3,3,4.51,30,4.66,1460,31.8,11,0.24,0,0,0,957,147,307,38,11,0,0,4,0.1,680,128,61,30,14,4,779,109,30,20,5,5,404,146,79,36,15,4,579,121,44,23,8,2,16,1.8,14.1,9.4
9/11/2020,Training,,Keris Abbott (16),,Goalkeepers,,,,,,,,,,21,31,1.47,17,0.8,17,0,0,17,16,1,0.66,0,,1,3.38,353,16.67,0,0,0,0,0,291,24,26,11,0,0,0,0,0,401,37,17,3,0,0,440,29,4,0,0,0,108,34,14,2,0,0,169,24,1,0,0,0,1,4.6,9,6.4
9/11/2020,Training,,Keris Abbott (16),,Goalkeepers,,,,,,,,,,14,9,0.64,4,0.28,3,1,0,4,2,0,,2,2.82,6,3.71,284,20.11,0,0,0,0,0,255,12,5,12,0,0,0,1,0.1,267,29,3,0,0,1,284,10,3,0,0,0,113,19,3,0,1,1,135,9,3,0,0,0,2,8.6,11,9.5
11/3/2020,Training,,Keris Abbott (16),,Goalkeepers,,,,,,,,,,226,108,0.48,5,0.02,,,,,,,,,,,5.42,3249,14.37,102,0.45,0,0,0,2066,263,620,200,102,0,0,2,0,4428,226,52,20,5,2,4530,120,38,6,0,0,1258,237,83,23,7,1,1420,163,54,3,0,0,,,12.4,
11/4/2020,Training,,Keris Abbott (16),,Goalkeepers,,,,,,,,,,232,193,0.83,6,0.03,,,,,,,,,,,5.19,2865,12.32,189,0.81,0,0,0,1890,220,497,69,189,0,0,3,0,3718,310,66,16,5,3,3910,192,33,8,4,1,1049,246,66,20,7,3,1277,140,36,13,6,0,,,12.2,
11/7/2020,Training,,Keris Abbott (16),,Goalkeepers,,,,,,,,,,312,232,0.74,13,0.04,,,,,,,,,,,6.2,4165,13.34,270,0.87,31,0.1,2,2833,445,418,199,239,31,0,4,0,2580,351,131,35,8,4,2845,231,66,24,11,0,1368,400,187,46,10,2,1775,227,89,46,15,0,,,13,
10/1/2020,Training,,Keris Abbott (16),,Goalkeepers,,,,,,,,,,132,17,0.13,3,0.02,,,,,,,,,,,5.51,1654,12.48,43,0.32,1,0,1,867,83,562,99,42,1,0,2,0,4272,104,27,2,4,2,4340,61,13,8,0,1,668,92,31,8,6,3,741,58,20,10,1,1,,,12,
10/1/2020,Training,,Keris Abbott (16),,Goalkeepers,,,,,,,,,,38,72,1.86,4,0.1,2,2,0,4,2,2,0.9,0,,2,5.51,1502,38.77,43,1.11,1,0.01,1,716,83,562,99,42,1,0,2,0.1,744,100,27,2,4,2,786,61,13,8,0,1,603,91,31,8,6,3,671,58,20,10,1,1,2,2.8,12,8.4
10/1/2020,Training,,Keris Abbott (16),,Goalkeepers,,,,,,,,,,17,14,0.78,4,0.22,2,2,0,4,2,2,0.9,0,,2,5.51,451,25.17,11,0.62,1,0.03,1,253,47,126,14,11,1,0,1,0.1,365,26,12,1,2,1,380,19,5,4,0,0,174,30,13,4,2,1,191,21,9,6,0,0,2,2.8,12,8.4
10/2/2020,Training,,Keris Abbott (16),,Goalkeepers,,,,,,,,,,120,87,0.72,15,0.12,,,,,,,,,,,4.41,3717,30.84,2,0.02,0,0,0,2422,404,778,110,2,0,0,3,0,2145,240,85,37,20,3,2351,145,54,39,8,3,1359,286,117,38,19,3,1588,187,71,41,8,1,,,15.8,
10/2/2020,Training,,Keris Abbott (16),,Goalkeepers,,,,,,,,,,23,38,1.6,19,0.8,4,14,1,19,18,0,,1,5.46,5,3.56,926,39.03,0,0,0,0,0,628,129,163,6,0,0,0,1,0,351,69,39,17,5,1,404,48,27,13,4,2,310,92,43,14,5,1,358,64,26,11,4,0,1,4.4,15.2,12.1
10/2/2020,Training,,Keris Abbott (16),,Goalkeepers,,,,,,,,,,20,36,1.74,19,0.92,4,14,1,19,18,0,,1,5.46,5,3.56,790,38.19,0,0,0,0,0,503,114,165,9,0,0,0,1,0,314,51,33,18,6,1,358,36,26,14,4,2,254,78,41,15,6,1,297,56,27,12,4,0,1,4.4,15.2,12.3
10/2/2020,Training,,Keris Abbott (16),,Goalkeepers,,,,,,,,,,38,77,2,27,0.7,7,19,1,27,17,2,1.01,8,2.95,26,4.41,1888,49.03,2,0.05,0,0,0,1277,219,321,68,2,0,0,2,0.1,528,141,39,19,14,2,624,86,25,24,4,1,655,167,67,23,13,2,776,110,42,27,4,1,10,5,15.8,11.7
10/6/2020,Training,,Keris Abbott (16),,Goalkeepers,,,,,,,,,,144,57,0.4,1,0.01,,,,,,,,,,,3.62,2175,15.09,0,0,0,0,0,1584,139,417,36,0,0,0,0,0,3123,213,35,16,6,0,3309,91,19,14,2,0,838,150,38,15,5,0,1022,72,24,9,2,0,,,13,
10/6/2020,Training,,Keris Abbott (16),,Goalkeepers,,,,,,,,,,73,79,1.08,16,0.22,5,11,0,16,10,3,1.45,3,3.2,14,3.62,1911,26.09,0,0,0,0,0,1320,139,417,36,0,0,0,0,0,1351,178,35,16,6,0,1511,76,19,14,2,0,714,139,38,15,5,0,897,68,24,9,2,0,6,,14.6,10.7
10/6/2020,Training,,Keris Abbott (16),,Goalkeepers,,,,,,,,,,13,32,2.42,5,0.38,3,2,0,5,3,2,1.19,0,,2,2.59,316,23.92,0,0,0,0,0,272,23,21,0,0,0,0,0,0,236,38,11,3,0,0,254,22,4,3,0,0,112,26,9,2,0,0,148,14,4,1,0,0,2,,13,8.6
10/6/2020,Training,,Keris Abbott (16),,Goalkeepers,,,,,,,,,,28,40,1.42,11,0.39,2,9,0,11,7,1,1.97,3,3.2,12,3.62,643,22.84,0,0,0,0,0,493,58,86,7,0,0,0,0,0,510,66,20,11,6,0,577,32,12,11,2,0,207,61,24,11,5,0,271,36,19,8,2,0,4,,14.6,11.7
10/6/2020,Training,,Keris Abbott (16),,Goalkeepers,,,,,,,,,,16,6,0.37,0,0,0,0,0,0,0,0,,0,,0,2.64,223,13.6,0,0,0,0,0,210,8,6,0,0,0,0,0,0,338,29,1,1,0,0,373,9,1,0,0,0,90,15,1,1,0,0,111,5,0,0,0,0,0,,,
10/8/2020,Training,,Keris Abbott (16),,Goalkeepers,,,,,,,,,,159,27,0.17,1,0.01,,,,,,,,,,,3.97,1935,12.1,0,0,0,0,0,1336,123,444,32,0,0,0,1,0,4188,156,26,5,3,1,4260,78,15,3,2,0,807,107,29,8,3,0,894,66,15,4,1,0,,,9.3,
10/8/2020,Training,,Keris Abbott (16),,Goalkeepers,,,,,,,,,,89,36,0.4,8,0.09,4,3,1,8,7,0,,1,5.35,5,3.97,1878,21.04,0,0,0,0,0,1279,123,444,32,0,0,0,1,0,1836,154,26,5,3,1,1908,78,15,3,2,0,780,107,29,8,3,0,865,66,15,4,1,0,1,,15,9.5
10/8/2020,Training,,Keris Abbott (16),,Goalkeepers,,,,,,,,,,17,10,0.56,1,0.06,0,1,0,1,0,0,,1,5.35,5,3.43,345,19.21,0,0,0,0,0,214,17,100,14,0,0,0,0,0,361,34,5,3,2,0,379,18,7,0,1,0,128,28,8,4,2,0,148,18,8,1,1,0,1,,13,13
10/8/2020,Training,,Keris Abbott (16),,Goalkeepers,,,,,,,,,,19,5,0.26,2,0.1,1,0,1,2,2,0,,0,,0,2.84,326,16.88,0,0,0,0,0,309,7,10,0,0,0,0,0,0,418,27,3,1,0,0,420,11,2,1,0,0,146,14,4,1,0,0,151,7,2,1,0,0,0,,15,9
10/8/2020,Training,,Keris Abbott (16),,Goalkeepers,,,,,,,,,,34,12,0.34,4,0.11,2,2,0,4,4,0,,0,,0,2.99,437,12.54,0,0,0,0,0,399,28,9,0,0,0,0,1,0,757,36,11,0,0,1,776,24,2,2,1,0,185,26,8,0,1,0,196,16,2,2,0,0,0,,13.2,8.8
10/9/2020,Training,,Keris Abbott (16),,Goalkeepers,,,,,,,,,,123,43,0.35,2,0.02,,,,,,,,,,,3.65,1975,16.02,0,0,0,0,0,1379,151,403,43,0,0,0,3,0,2854,154,43,13,8,3,2995,95,26,12,2,0,744,137,46,14,8,2,903,80,29,10,2,0,,,12.4,
10/9/2020,Training,,Keris Abbott (16),,Goalkeepers,,,,,,,,,,13,21,1.58,2,0.15,1,1,0,2,2,0,,0,,0,3.2,411,31.05,0,0,0,0,0,358,18,31,4,0,0,0,1,0.1,225,38,14,2,0,1,248,23,10,2,0,0,154,34,13,1,1,0,179,19,8,2,0,0,0,,12.6,11.2
10/9/2020,Training,,Keris Abbott (16),,Goalkeepers,,,,,,,,,,61,66,1.08,14,0.23,4,10,0,14,13,0,,1,3.78,4,3.65,1336,21.79,0,0,0,0,0,1079,103,127,27,0,0,0,3,0,1167,111,43,12,8,3,1256,80,26,12,2,0,475,104,44,13,8,2,578,70,29,10,2,0,1,2,13.6,10.5
10/9/2020,Training,,Keris Abbott (16),,Goalkeepers,,,,,,,,,,14,20,1.39,7,0.49,1,6,0,7,7,0,,0,,0,3.65,366,25.43,0,0,0,0,0,280,21,51,15,0,0,0,1,0.1,256,28,10,2,5,1,286,17,2,7,2,0,127,28,11,5,4,1,157,17,8,6,2,0,0,2,13.4,10.2
10/9/2020,Training,,Keris Abbott (16),,Goalkeepers,,,,,,,,,,30,17,0.56,4,0.13,1,3,0,4,4,0,,0,,0,3.52,396,12.97,0,0,0,0,0,332,32,28,5,0,0,0,1,0,649,37,7,5,1,1,677,25,7,2,0,0,149,26,10,4,1,1,178,19,6,3,0,0,0,,13.6,11.7
10/13/2020,Training,,Keris Abbott (16),,Goalkeepers,,,,,,,,,,113,27,0.24,1,0.01,,,,,,,,,,,4.27,2185,19.3,3,0.03,0,0,0,1590,144,378,70,3,0,0,2,0,2308,196,37,12,5,2,2453,108,23,6,1,1,864,142,35,14,3,2,1012,87,19,5,1,1,,,8.1,
10/13/2020,Training,,Keris Abbott (16),,Goalkeepers,,,,,,,,,,91,54,0.59,7,0.08,4,3,0,7,6,0,,1,2.66,3,4.27,1829,19.93,3,0.04,0,0,0,1510,131,114,70,3,0,0,2,0,1781,192,37,12,5,2,1921,105,24,6,1,1,695,138,35,14,3,2,831,84,19,5,1,1,1,2.1,14.6,8.9
10/13/2020,Training,,Keris Abbott (16),,Goalkeepers,,,,,,,,,,32,0,0,0,0,0,0,0,0,0,0,,0,,0,2.35,425,12.98,0,0,0,0,0,406,11,8,0,0,0,0,0,0,688,44,0,0,0,0,722,13,1,0,0,0,195,19,0,0,0,0,203,8,0,0,0,0,0,,,
10/13/2020,Training,,Keris Abbott (16),,Goalkeepers,,,,,,,,,,46,53,1.13,7,0.15,4,3,0,7,6,0,,1,2.66,3,4.27,1103,23.51,3,0.07,0,0,0,864,96,86,54,3,0,0,2,0,866,117,36,10,5,2,948,82,21,6,1,1,385,98,31,11,3,2,486,64,16,5,1,1,1,2.1,14.6,8.9
10/14/2020,Training,,Keris Abbott (16),,Goalkeepers,,,,,,,,,,136,48,0.35,3,0.02,,,,,,,,,,,4.72,2405,17.58,8,0.06,0,0,0,1730,185,405,77,8,0,0,3,0,2994,182,37,16,5,3,3099,95,18,15,4,4,994,141,49,16,7,1,1072,78,24,15,4,3,,,12.3,
10/15/2020,Training,,Keris Abbott (16),,Goalkeepers,,,,,,,,,,117,91,0.77,6,0.05,,,,,,,,,,,6.72,3403,28.9,82,0.7,60,0.51,1,1931,371,872,146,22,60,0,5,0,2282,228,80,17,10,5,2489,135,42,21,4,3,1199,299,96,21,14,5,1512,172,56,21,6,3,,,11.2,
10/15/2020,Training,,Keris Abbott (16),,Goalkeepers,,,,,,,,,,70,138,1.95,22,0.31,12,9,1,22,8,7,1.31,7,4.29,39,6.72,2825,39.83,82,1.16,60,0.84,1,1655,359,598,131,22,60,0,5,0.1,1178,207,77,16,9,5,1348,127,42,20,4,3,938,288,93,20,14,5,1215,167,56,20,6,3,14,1.5,17.4,8.9
10/15/2020,Training,,Keris Abbott (16),,Goalkeepers,,,,,,,,,,20,42,2.08,6,0.3,2,4,0,6,2,3,1.23,1,4.13,8,6.72,957,47.42,76,3.74,60,2.97,1,380,114,295,92,16,60,0,2,0.1,341,53,16,6,2,2,388,31,10,6,1,0,322,99,24,7,4,3,415,54,19,8,1,0,4,,13.5,10.3
10/15/2020,Training,,Keris Abbott (16),,Goalkeepers,,,,,,,,,,19,22,1.14,5,0.26,5,0,0,5,3,0,,2,5.07,10,4.15,601,31.21,1,0.06,0,0,0,471,50,68,11,1,0,0,0,0,348,44,22,3,1,0,388,26,11,4,1,1,212,51,26,4,0,0,258,33,12,3,2,1,2,1.5,9.4,5.4
10/19/2020,Training,,Keris Abbott (16),,Goalkeepers,,,,,,,,,,288,89,0.31,8,0.03,,,,,,,,,,,6.45,3499,12.15,339,1.18,44,0.15,6,1951,247,625,337,295,44,0,1,0,5294,212,67,23,14,1,5446,119,29,21,5,3,1261,221,100,34,12,0,1646,144,53,21,6,2,,,13,
10/22/2020,Training,,Keris Abbott (16),,Goalkeepers,,,,,,,,,,200,111,0.55,6,0.03,,,,,,,,,,,4.66,3571,17.77,6,0.03,0,0,0,2413,323,772,57,6,0,0,1,0,2837,345,117,30,12,1,3046,229,66,15,6,0,1265,367,119,28,7,0,1465,229,71,17,4,0,,,14,
10/22/2020,Training,,Keris Abbott (16),,Goalkeepers,,,,,,,,,,104,165,1.58,38,0.36,15,22,1,38,25,4,1.11,9,4.18,42,4.66,3132,29.91,6,0.06,0,0,0,2278,308,482,57,6,0,0,1,0,1754,330,113,30,12,1,1964,219,65,15,6,0,1055,350,116,28,7,0,1266,217,70,17,4,0,13,2.7,15.6,10.6
10/22/2020,Training,,Keris Abbott (16),,Goalkeepers,,,,,,,,,,64,119,1.85,30,0.47,9,20,1,30,20,2,0.85,8,4.27,36,4.66,2093,32.51,6,0.1,0,0,0,1430,230,380,45,6,0,0,1,0,1045,204,76,22,12,1,1187,135,48,12,6,0,681,244,87,23,7,0,821,155,55,15,4,0,10,4.8,15.6,11.5
10/22/2020,Training,,Keris Abbott (16),,Goalkeepers,,,,,,,,,,30,28,0.92,6,0.2,5,1,0,6,5,1,1.96,0,,2,2.77,643,21.06,0,0,0,0,0,536,51,56,0,0,0,0,0,0,565,80,27,3,0,0,622,44,12,3,0,0,226,73,18,2,0,0,276,36,11,2,0,0,1,2.7,10.5,5.9
10/23/2020,Training,,Keris Abbott (16),,Goalkeepers,,,,,,,,,,161,91,0.56,6,0.04,,,,,,,,,,,3.86,3186,19.76,0,0,0,0,0,2334,216,560,76,0,0,0,0,0,2763,262,65,15,3,0,2940,145,37,14,4,0,1229,250,73,12,2,0,1438,129,35,15,2,0,,,11,
10/23/2020,Training,,Keris Abbott (16),,Goalkeepers,,,,,,,,,,72,128,1.76,24,0.33,14,10,0,24,9,9,1.15,6,3.89,34,3.86,2778,38.15,0,0,0,0,0,2199,207,305,67,0,0,0,0,0,1139,257,64,15,3,0,1307,145,36,14,4,0,1038,243,72,12,2,0,1230,128,35,15,2,0,15,3.4,14,9.2
10/23/2020,Training,,Keris Abbott (16),,Goalkeepers,,,,,,,,,,11,74,6.35,16,1.37,10,6,0,16,5,7,1.11,4,3.85,23,3.72,435,37.36,0,0,0,0,0,254,91,82,9,0,0,0,0,0,171,46,28,9,1,0,187,45,18,6,1,0,118,66,28,5,0,0,152,43,16,5,1,0,11,3.4,12.3,9.1
10/23/2020,Training,,Keris Abbott (16),,Goalkeepers,,,,,,,,,,50,43,0.85,5,0.1,2,3,0,5,3,1,1.5,1,3.82,5,3.86,1971,39.13,0,0,0,0,0,1668,88,163,52,0,0,0,0,0,802,163,24,5,1,0,925,74,14,6,2,0,789,140,30,5,1,0,920,64,15,6,1,0,2,,14,9.5
10/29/2020,Training,,Keris Abbott (16),,Goalkeepers,,,,,,,,,,205,39,0.19,12,0.06,,,,,,,,,,,6,3923,19.12,227,1.1,62,0.3,4,1957,181,1329,230,165,62,0,4,0,5220,164,29,30,5,4,5354,92,23,15,3,6,1614,153,70,38,8,5,1871,94,35,19,7,10,,,13.8,
10/29/2020,Training,,Keris Abbott (16),,Goalkeepers,,,,,,,,,,103,75,0.73,22,0.21,7,15,0,22,19,1,1.86,2,4.74,11,6,3510,34.07,227,2.2,62,0.6,4,1831,169,1053,230,165,62,0,4,0,1989,159,29,30,5,4,2108,89,23,15,3,6,1413,146,70,38,8,5,1668,90,35,19,7,10,3,1.5,13.8,10.5
10/29/2020,Training,,Keris Abbott (16),,Goalkeepers,,,,,,,,,,48,40,0.83,16,0.33,4,12,0,16,14,1,1.86,1,5.91,8,3.76,1259,26.1,0,0,0,0,0,953,116,167,24,0,0,0,0,0,897,110,15,16,2,0,967,58,13,10,1,0,482,97,28,15,2,0,549,55,20,10,0,0,2,3,13.8,10.9
10/29/2020,Training,,Keris Abbott (16),,Goalkeepers,,,,,,,,,,23,8,0.34,3,0.13,0,3,0,3,2,0,,1,3.57,4,6,1699,71.89,227,9.59,62,2.61,4,354,31,882,206,165,62,0,4,0.2,459,10,7,13,3,4,487,15,3,5,2,6,679,31,36,22,6,5,856,25,11,10,7,10,1,,13.2,11.9
10/29/2020,Training,,Keris Abbott (16),,Goalkeepers,,,,,,,,,,27,26,0.95,2,0.07,2,0,0,2,2,0,,0,,0,3.14,536,19.68,0,0,0,0,0,507,24,4,1,0,0,0,0,0,542,37,7,1,0,0,559,15,7,0,0,0,247,17,5,0,0,0,252,10,4,0,0,0,0,,9.6,9.4
10/30/2020,Training,,Keris Abbott (16),,Goalkeepers,,,,,,,,,,90,85,0.93,5,0.05,,,,,,,,,,,5.02,2493,27.41,10,0.11,0,0,0,1696,212,545,30,10,0,0,0,0,1743,222,41,17,2,0,1910,118,19,2,4,1,998,180,45,15,1,0,1130,94,20,6,4,0,,,13.8,
10/30/2020,Training,,Keris Abbott (16),,Goalkeepers,,,,,,,,,,88,116,1.31,22,0.25,8,14,0,22,13,1,1.59,8,4.01,34,5.02,2487,28.06,10,0.12,0,0,0,1689,212,545,30,10,0,0,0,0,1685,222,41,17,2,0,1851,118,19,2,4,1,995,180,45,15,1,0,1126,94,20,6,4,0,9,2.6,14,9.5
10/30/2020,Training,,Keris Abbott (16),,Goalkeepers,,,,,,,,,,26,33,1.27,3,0.12,3,0,0,3,1,0,,2,4.86,10,2.75,500,19.21,0,0,0,0,0,425,51,24,0,0,0,0,0,0,503,52,12,7,1,0,549,36,4,0,0,0,176,41,13,4,1,0,234,28,3,0,0,0,2,5.1,5.8,5.5
10/30/2020,Training,,Keris Abbott (16),,Goalkeepers,,,,,,,,,,22,49,2.14,9,0.39,3,6,0,9,5,1,1.59,3,3.8,13,3.26,667,29.1,0,0,0,0,0,521,67,72,7,0,0,0,0,0,406,76,10,6,1,0,451,41,9,0,2,0,274,59,9,6,1,0,274,31,8,2,2,0,4,2.6,14,10.4
10/30/2020,Training,,Keris Abbott (16),,Goalkeepers,,,,,,,,,,20,27,1.35,10,0.5,2,8,0,10,7,0,,3,3.66,11,5.02,518,25.89,10,0.52,0,0,0,367,41,85,14,10,0,0,0,0,408,36,13,3,0,0,441,17,4,1,2,1,204,34,17,4,0,0,230,17,5,4,3,0,3,3.8,13.8,10
9/18/2020,Training,,Keris Abbott (16),,Goalkeepers,,,,,,,,,,130,55,0.42,4,0.03,,,,,,,,,,,4.3,1987,15.2,7,0.05,0,0,0,1295,197,465,23,7,0,0,0,0,2873,167,49,14,4,0,3010,98,24,11,3,0,750,163,48,14,4,0,876,95,25,10,2,0,,,11.8,
9/18/2020,Training,,Keris Abbott (16),,Goalkeepers,,,,,,,,,,90,80,0.88,22,0.24,9,13,0,22,17,1,1.75,4,3.82,17,4.3,1949,21.55,7,0.08,0,0,0,1256,197,465,23,7,0,0,0,0,1805,165,48,14,4,0,1933,97,24,11,3,0,732,161,48,14,4,0,858,95,25,10,2,0,5,,13.2,10.1
9/18/2020,Training,,Keris Abbott (16),,Goalkeepers,,,,,,,,,,18,11,0.59,2,0.11,1,1,0,2,1,0,,1,5.04,5,3.48,352,18.8,0,0,0,0,0,301,34,13,4,0,0,0,0,0,371,35,10,1,1,0,410,17,4,1,0,0,132,25,6,2,1,0,166,14,3,1,0,0,1,,10.4,6.6
9/18/2020,Training,,Keris Abbott (16),,Goalkeepers,,,,,,,,,,17,15,0.84,4,0.22,0,4,0,4,3,0,,1,3.55,4,4.3,238,13.29,7,0.4,0,0,0,189,15,24,3,7,0,0,0,0,383,24,4,3,1,0,398,12,2,2,1,0,87,20,5,3,2,0,102,11,4,3,1,0,1,,11.8,11.4
9/18/2020,Training,,Keris Abbott (16),,Goalkeepers,,,,,,,,,,18,54,2.85,15,0.79,7,8,0,15,12,1,1.75,2,3.34,8,3.28,568,29.93,0,0,0,0,0,361,88,117,2,0,0,0,0,0,304,61,29,8,2,0,337,46,14,9,2,0,167,82,30,6,1,0,207,50,16,6,1,0,3,,13.2,10.3
9/18/2020,Training,,Keris Abbott (16),,Goalkeepers,,,,,,,,,,11,0,0,0,0,0,0,0,0,0,0,,0,,0,0.66,20,1.78,0,0,0,0,0,20,0,0,0,0,0,0,0,0,280,2,0,0,0,0,282,0,0,0,0,0,9,0,0,0,0,0,11,0,0,0,0,0,0,,,
9/18/2020,Training,,Keris Abbott (16),,Goalkeepers,,,,,,,,,,10,3,0.3,1,0.1,1,0,0,1,1,0,,0,,0,2.44,170,16.88,0,0,0,0,0,158,3,9,0,0,0,0,0,0,208,16,2,0,0,0,225,4,3,0,0,0,73,10,1,0,0,0,80,4,2,0,0,0,0,,8.7,8.7
9/29/2020,Training,,Keris Abbott (16),,Goalkeepers,,,,,,,,,,131,11,0.08,0,0,,,,,,,,,,,3.85,1834,13.99,0,0,0,0,0,1375,73,304,82,0,0,0,0,0,2972,109,15,2,0,0,3046,43,5,1,1,0,807,71,14,1,0,0,909,26,4,1,0,0,,,,
9/29/2020,Training,,Keris Abbott (16),,Goalkeepers,,,,,,,,,,74,18,0.24,0,0,0,0,0,0,0,0,,0,,0,3.85,1550,20.71,0,0,0,0,0,1092,73,304,82,0,0,0,0,0,1599,96,14,2,0,0,1641,41,4,1,1,0,676,66,13,1,0,0,765,25,4,1,0,0,0,,,
9/29/2020,Training,,Keris Abbott (16),,Goalkeepers,,,,,,,,,,22,8,0.36,0,0,0,0,0,0,0,0,,0,,0,3.08,280,12.65,0,0,0,0,0,262,11,6,1,0,0,0,0,0,496,14,4,0,0,0,502,4,1,1,1,0,134,9,4,0,0,0,126,4,2,1,0,0,0,,,
9/29/2020,Training,,Keris Abbott (16),,Goalkeepers,,,,,,,,,,40,11,0.27,0,0,0,0,0,0,0,0,,0,,0,2.58,668,16.56,0,0,0,0,0,643,16,9,0,0,0,0,0,0,853,52,7,2,0,0,884,21,3,0,0,0,307,25,5,1,0,0,314,14,2,0,0,0,0,,,
